株式会社ヒップ,Webエンジニア,"神奈川県 横浜市 横浜駅                                                                                                                    




株式会社ヒップの求人
をすべて見る",年収400万円～600万円,24日前,doda
エボラニ株式会社,Webエンジニア職 ～「LINE」から出資を受けるITベンチャー企業～,神奈川県 横浜市 新横浜駅,年収268万円～396万円,19日前,doda
株式会社ピー・アール・オー,WEBエンジニア・スマホアプリエンジニア・インフラエンジニア,神奈川県 横浜市 中区,月給19万円,公開していません,専門学校の就活 Career Map
アピステクノロジー株式会社,Webサービス開発エンジニア,神奈川県 横浜市 江田駅 徒歩10分,年収300万円～600万円,公開していません,キャリコネ転職
株式会社プリアップ,Webエンジニア・社内SE,神奈川県 横浜市 新横浜駅 徒歩8分,月給25万円～40万円,公開していません,かんたん応募
株式会社アベイル,WEBエンジニア 自社開発 アパレル業界向けサービス開発 残業3H程度 在宅勤務可,神奈川県 横浜市 センター南駅,年収420万円～600万円,8日前,doda
株式会社プロジェクト・モード,Webエンジニア SaaSナレッジ共有ツールNotePM／100%自社／基本残業ゼロ,神奈川県 川崎市 新丸子駅,年収350万円～600万円,5日前,doda
株式会社マリノ,WEBエンジニア~圧倒的働きやすさ・年間20%残業時間削減～,神奈川県 横浜市 新横浜駅,年収400万円～600万円,1日前,doda
運営元 株式会社CLAYPLUS／神奈川県 転職...,Webサービス系エンジニア・プログラマ,神奈川県 横浜市 西区,年収350万円～500万円,7日前,かんたん応募
株式会社シンクロジック,WEBエンジニア,神奈川県 横浜市 みなとみらい駅,年収300万円～600万円,19日前,doda
株式会社イクシス,WEBエンジニア,神奈川県 川崎市 新川崎駅,年収400万円～600万円,14日前,doda
株式会社インフォマティクス,Webエンジニア 客先常駐なし／残業月20H以内／マップでデータ可視化する会社,神奈川県 川崎市 川崎駅,年収500万円～700万円,1日前,doda
株式会社イレブンラボ,Webエンジニア,神奈川県 川崎市 京急川崎駅 徒歩1分,年収400万円～480万円,公開していません,paiza転職
ハマゴムエイコム株式会社,WEBアプリエンジニア,神奈川県 横浜市 西区,年収400万円～700万円,10日前,U29JOB
株式会社ウィズパッション,経験者限定 士業向け集客サイトのWEBエンジニア インハウス／横浜,神奈川県 横浜市 馬車道駅 徒歩3分,年収450万円～600万円,1日前,Green
株式会社三田ホールディングズ,社内WEBエンジニア,神奈川県 横浜市 関内駅,年収308万円～500万円,24日前,doda
アライドテレシス株式会社,WEBアプリ開発エンジニア 自社サービス／中途入社者多数活躍／年間休日120日以上,神奈川県 横浜市 新横浜駅,年収350万円～650万円,14日前,doda
アラテン株式会社,IT業界経験1年～／Web系システムエンジニア募集,神奈川県 横浜市 関内駅 徒歩2分,月給18万円～60万円,15日前,かんたん応募
株式会社クルーバー,Webアプリケーション開発エンジニア,神奈川県 横浜市 青葉台駅 徒歩7分,年収500万円～800万円,2日前,Green
株式会社AiCAN,Webアプリエンジニア 自社開発／児童福祉×AI／年休123日／月残業20h程度,神奈川県 川崎市 高津区,年収480万円～600万円,22日前,doda
株式会社DWARF PLANETオフィス,エンジニアファーストな会社で成果にこだわりたいWebエンジニアを大募集,神奈川県 川崎市 川崎駅 徒歩8分,月給25万円～50万円,公開していません,株式会社DWARF PLANET
株式会社ジェイエスピー,"Webエンジニア,アプリケーションエンジニア",神奈川県 横浜市,年収350万円～550万円,公開していません,かんたん応募
株式会社スカイウイル,Webアプリ開発エンジニア 取引先は大手企業中心の堅実で安定した経営基盤,神奈川県,年収350万円～550万円,18日前,キャリフレ
株式会社プロシードエンタープライズ,プログラマー Webエンジニア,神奈川県 川崎市 川崎駅 徒歩3分,年収300万円～500万円,10時間前,Green
株式会社アイルミッション,web開発エンジニア,神奈川県 横浜市 新横浜駅,年収500万円～800万円,公開していません,doda
株式会社エイム,Webアプリエンジニア／月平均残業30H以内 プライム案件／スタンダード市場上場,神奈川県 川崎市 高津駅,年収450万円～700万円,公開していません,doda
クエスト・グローバル・ジャパン株式会社,Web開発エンジニア,神奈川県 厚木市,年収600万円～800万円,8日前,doda
AlphaTheta株式会社,自社クラウドサービスに関連するWebシステム開発エンジニア,神奈川県 横浜市 新高島駅,年収400万円～800万円,19日前,doda
株式会社robottte,Web エンジニア,神奈川県 横浜市 神奈川区,月給28万円,公開していません,HR MONSTER
カルー株式会社,Webエンジニア,神奈川県 藤沢市 辻堂駅 徒歩5分,年収400万円～600万円,13日前,Green
株式会社パラダイム・システムズ,WEBサービスエンジニア~業界No.1不動産クラウドSaaSサービス,神奈川県 横浜市 中区,年収450万円～650万円,公開していません,doda
株式会社瑞起,WEBエンジニア,神奈川県 横浜市 新高島駅 徒歩3分,年収500万円～800万円,公開していません,paiza転職
株式会社図研,Webシステム開発エンジニア～英語力が活かせる／在宅勤務制度有～,神奈川県 横浜市 都筑ふれあいの丘駅,年収397万円～643万円,公開していません,doda
株式会社ソフトガーデン,Webアプリケーション開発エンジニア～月残業20h程／7年連続増収増益／有給消化率80%以上,神奈川県 横浜市 新横浜駅,年収400万円～550万円,24日前,doda
株式会社KMC,Webエンジニア,神奈川県 川崎市 武蔵溝ノ口駅 徒歩13分,年収400万円～800万円,公開していません,Green
Flat Holdings株式会社,Web開発エンジニア,神奈川県 横浜市 みなとみらい駅,年収400万円～700万円,公開していません,paiza転職
株式会社OZsoft,webエンジニア 経験者,神奈川県,年収300万円～600万円,6日前,Green
株式会社日立ソリューションズ,パブリッククラウド基盤構築エンジニア ～Web面接・在宅勤務可／日立GのSI事業の中核企業～,神奈川県 横浜市 戸塚区,年収400万円～700万円,27日前,doda
株式会社トランスコスモス・デジタル・テクノロジー,Webシステム開発エンジニア 大手企業のプライム案件多数／トランスコスモスグループ,神奈川県 横浜市 横浜駅,年収400万円～800万円,公開していません,doda
グッドビー株式会社,Web開発エンジニア,神奈川県 相模原市 相模原駅 徒歩12分,月給25万円～,1日前,type
株式会社コードダイナミクス,WEB面談可 ITエンジニア 土日祝休み,神奈川県 横浜市 新横浜駅 徒歩1分,月給21万円～,公開していません,マイナビ転職
株式会社OKUSYSTEM,WEB開発エンジニア,神奈川県,年収280万円～400万円,10日前,U29JOB
FTL株式会社,Webエンジニア 最新,神奈川県 藤沢市 本鵠沼駅 徒歩5分,年収360万円～800万円,18日前,Green
株式会社SHT,WEB系システムエンジニア,神奈川県,年収550万円～700万円,10日前,U29JOB
運営元 株式会社CLAYPLUS神奈川県 窓口,Webサービス系エンジニア・プログラマ,神奈川県 横浜市 中区,年収400万円～600万円,7日前,かんたん応募
株式会社宮川製作所,自社開発／WEBアプリ開発エンジニア／週1在宅可／神奈川,神奈川県 横浜市 綱島駅 徒歩7分,"月給22万5,000円～",27日前,doda
株式会社ProVision,自社内開発エンジニア募集! Webシステムの新規開発・運用保守／社内SE業務,神奈川県 横浜市 西区,年収380万円～600万円,18日前,リクルートエージェント
株式会社ジッテ,Webフロントエンドエンジニア 128休日 残業平均20H 大手企業と取引多数,神奈川県 横浜市 西区,年収450万円～600万円,16日前,リクルートエージェント
株式会社LiVrA,横浜ITベンチャーでWEB&インフラエンジニア募集,神奈川県 横浜市 新横浜駅 徒歩12分,月給21万円～65万円,公開していません,かんたん応募
株式会社ベリアント,Web系開発エンジニア,神奈川県,月給22万円～58万円,公開していません,ハローワーク足立
株式会社エルシーエス,エンジニア・Webプログラマ 神奈川,神奈川県 横浜市 蒔田駅 徒歩11分,公開していません,17日前,Green
株式会社CLOCK・ON,WEB開発エンジニア,神奈川県,年収300万円～720万円,11時間前,Green
株式会社ユニゾン・テクノロジー,「アプリ・Web」ITエンジニア,神奈川県 川崎市 川崎駅 徒歩3分,月給30万円,公開していません,かんたん応募
株式会社リック,Web開発エンジニア,神奈川県 横浜市 関内駅 徒歩5分,"年収450万円～1,000万円",公開していません,paiza転職
Hamee株式会社,Webアプリ開発エンジニア／クラウド SaaS 型ECプラットフォーム「ネクストエンジン」,神奈川県 小田原市 小田原駅 徒歩5分,年収600万円～,4日前,Green
株式会社ケイマックス,Webエンジニア職,神奈川県 海老名市 海老名駅,"月給28万8,000円～39万6,000円",公開していません,ハローワーク厚木
株式会社free mova,年収～650万円 リモート相談可 WEBオープン系エンジニア,神奈川県,年収350万円～650万円,8時間前,神奈川エンジニア求人JOB
KS CAREER株式会社,PG フロントエンド Webエンジニア 未経験歓迎,神奈川県 横浜市 みなとみらい駅 徒歩3分,"時給1,600円～",8時間前,KS CAREER株式会社
グラビティ株式会社,ハードウェア 設計開発エンジニア・WEB面接可能,神奈川県 厚木市,年収400万円～600万円,5日前,イーキャリアFA
運営元 株式会社CLAYPLUS／神奈川県 応募...,Webサービス系エンジニア・プログラマ,神奈川県 横浜市 西区,"年収400万円～1,200万円",7日前,かんたん応募
運営元 株式会社CLAYPLUS／神奈川県 採用...,Webサービス系エンジニア・プログラマ,神奈川県 横浜市 西区,"年収400万円～1,200万円",7日前,かんたん応募
運営元 株式会社CLAYPLUS／神奈川県 窓口,Webサービス系エンジニア・プログラマ,神奈川県 横浜市 西区,"年収400万円～1,200万円",7日前,かんたん応募
株式会社オリエンタルインフォーメイションサービス,WEBエンジニア 大手G案件／アプリ設計・開発・テストまで担当,神奈川県 横浜市 西区,年収400万円～600万円,11日前,リクルートエージェント
株式会社4COLORS,WEBアプリケーション／バックエンドエンジニア 転勤無し／在宅勤務可,神奈川県 横浜市 神奈川区,年収500万円～800万円,11日前,リクルートエージェント
株式会社クリエイト工房,WEB系エンジニア,神奈川県 横浜市 横浜駅,月給33万円～,13日前,U29JOB
株式会社ハイマックス,212 Web面接／インフラエンジニア／PL候補 プライム市場上場／福利厚生充実,神奈川県,年収400万円～550万円,16日前,リクルートエージェント
株式会社ポライトファン,システムエンジニア ネットワークエンジニア WEBデザイナー,神奈川県 相模原市 南区,"月給21万5,000円～45万円",19日前,株式会社ポライトファン
株式会社アイシーオー,横浜・WEBアプリケーションソフト開発エンジニア 取引先常駐,神奈川県 横浜市 西区,年収400万円～630万円,16日前,リクルートエージェント
三菱電機株式会社,神奈川／セキュリティエンジニア／WEB面接可,神奈川県 鎌倉市,"年収400万円～1,000万円",15日前,リクルートエージェント
横須賀ソフトウェア株式会社,Web開発エンジニア 安心のチーム制／残業10h程／年間休日122日,神奈川県 横須賀市 県立大学駅 徒歩3分,月給25万円～,18日前,マイナビ転職
ベース株式会社,WEB面接可 システムエンジニア 銀行勘定系／東証一部上場,神奈川県,年収500万円～850万円,16日前,リクルートエージェント
株式会社デルタエンジニアリング,C#でのWeb開発エンジニア,神奈川県 横浜市 横浜駅 徒歩7分,月給30万円～38万円,24日前,イイバイト
ビズブースト株式会社,WEB面接可 AWSエンジニア フルリモート可／新規クラウド責任者候補者募集,神奈川県 川崎市 高津区,"年収600万円～1,000万円",17日前,リクルートエージェント
株式会社ダイコーIWS,WEB面接可 インフラエンジニア プライム案件多数／先進技術チャレンジの機会,神奈川県,年収300万円～550万円,18日前,リクルートエージェント
株式会社アイ・ピー・エル,Webアプリ開発エンジニア,神奈川県 厚木市 本厚木駅 徒歩7分,月給25万円～,24日前,U29JOB
株式会社ジーシーシー,Webエンジニア／若手活躍中／ポテンシャル重視／要件定義〜保守運用,神奈川県 横浜市 関内駅,年収400万円～550万円,22日前,Geekly
ソーシャルデータバンク株式会社,Webジュニアアプリケーションエンジニア,神奈川県 横浜市 港北区,年収400万円～600万円,1日前,Green
図研テック株式会社,アプリケーションエンジニア Webアプリケーションの設計・開発,神奈川県 横浜市 新横浜駅,年収400万円～600万円,公開していません,レバテックキャリア
エムザス株式会社,システムエンジニア Web・オープン系,神奈川県 横浜市 港北区,年収283万円～450万円,10時間前,Green
株式会社コーエーテクモゲームス,Webエンジニア／アプリケーションエンジニア,神奈川県 横浜市 みなとみらい駅 徒歩5分,年収450万円,公開していません,IMAGICA DIGITALSCAPE
株式会社GEクリエイティブ,経験1年以上でOK!Webエンジニア,神奈川県,年収300万円～700万円,3日前,Green
株式会社未来ボックス,"Webエンジニア,その他,プロジェクトマネージャー,リーダー",神奈川県 横浜市,月給33万円～,公開していません,かんたん応募
株式会社オルトス,Web・オープン系システムエンジニア／Web／IT,神奈川県 横浜市 横浜駅 徒歩5分,月給27万円～40万円,公開していません,バイトルPRO
株式会社HOIPOI,Webエンジニア,神奈川県 横浜市 横浜駅,年収600万円～700万円,公開していません,Geekly
株式会社dcWORKS,Web・スマホアプリエンジニア,神奈川県 横浜市 石川町駅,"年収305万円～1,335万円",公開していません,Geekly
株式会社日本アシスト,Webアプリ開発エンジニア,神奈川県 横浜市 鶴見駅 徒歩6分,"月給23万1,250円",17日前,ハローワーク川崎
SAISON Office合同会社,SE Webシステムエンジニア,神奈川県 横浜市 桜木町駅 徒歩4分,月給25万円～50万円,18日前,SAISON Office合同会社
株式会社インフォパーク,Web・オープン系システムエンジニア／Web／IT,神奈川県 横浜市 中区,月給25万円～50万円,公開していません,バイトルPRO
株式会社フルクラム,Web・オープン系システムエンジニア／通信・インターネット・ソフトウェア,神奈川県 横浜市 桜木町駅 徒歩1分,"月給23万1,000円～27万円",公開していません,バイトルPRO
SGビジネス株式会社,WEBシステムエンジニア・プログラマー は楽しい!「本当に働きやすい」会社って?答えはココにある,神奈川県 横浜市 センター北駅 徒歩2分,月給23万円～80万円,26日前,SGビジネス株式会社
株式会社テラ,WEBアプリ開発エンジニア,神奈川県 鎌倉市 鎌倉駅 徒歩5分,"年収500万円～1,500万円",公開していません,U29JOB
株式会社ジャスト,WEBエンジニア タテログ,神奈川県 横浜市 江田駅 徒歩3分,年収450万円～800万円,26日前,Green
株式会社紅輪,WEBサイト制作エンジニア サポート業務,神奈川県 川崎市 高津駅 徒歩10分,"時給1,050円～1,800円",公開していません,まるやま・京彩グループ
メゾンドサラダLLC,WEBデザイナーエンジニア,神奈川県 厚木市,月給23万円～46万円,公開していません,メゾンドサラダLLC
株式会社べスコ,Web系システムエンジニア,神奈川県 横浜市 横浜駅 徒歩5分,"月給18万円～35万6,000円",公開していません,ハローワーク横浜
株式会社ビー・シー・シー,WEBシステム開発エンジニア,神奈川県 横浜市 横浜駅 徒歩4分,月給25万円～50万円,公開していません,ハローワーク横浜
株式会社ブイ・クルーズ,Webエンジニア／プログラマー募集中! 我こそは!という方は是非御覧ください。,神奈川県 横浜市 桜木町駅 徒歩8分,月給20万円～,公開していません,株式会社ブイ・クルーズ
株式会社なつみ,関東郊外でのんびり通勤! WEBエンジニア募集。仕事とプライベートの両立ができる,神奈川県 海老名市 海老名駅,年収360万円～600万円,公開していません,かんたん応募
株式会社タスクフォース・本社,WEB系エンジニア,神奈川県 横浜市 新横浜駅 徒歩5分,月給26万円～,公開していません,株式会社タスクフォース
株式会社ティーエーシーホールディングス 神奈川県...,Web・オープン系エンジニア,神奈川県 横浜市 横浜駅 徒歩5分,月給21万円～45万円,公開していません,株式会社ティーエーシーホールディングス
株式会社タスクフォース,WEB系エンジニア,神奈川県 川崎市 高津区,月給22万円～,公開していません,株式会社タスクフォース
株式会社ニューロンネットワーク,Webシステム開発エンジニア リーダー候補募集,神奈川県 横浜市 中区,月給35万円～,公開していません,株式会社ニューロンネットワーク
株式会社キャッツ,業務システム Webエンジニア,神奈川県 横浜市 保土ケ谷駅,月給25万円～48万円,公開していません,株式会社キャッツ
アトリエ gumi,Webデザイナー、UIエンジニア,神奈川県 横浜市 南区,"時給1,012円～",公開していません,アトリエ gumi
株式会社JOB HOPE,Web・オープン系エンジニア,神奈川県 横浜市,月給21万円～,公開していません,株式会社JOB HOPE
株式会社ゼストテクノ,自動車車体設計エンジニア WEB面接OK,神奈川県 厚木市 愛甲石田駅,月給25万円～50万円,公開していません,株式会社ゼストテクノ
株式会社アトムシステム,Web面接可 インフラエンジニア,神奈川県 藤沢市 藤沢駅 徒歩3分,年収270万円～500万円,公開していません,株式会社アトムシステム
株式会社Billage,WEBオープン系エンジニア,神奈川県 横浜市 西区,年収350万円～600万円,公開していません,株式会社Billage
株式会社ベイストリーム,2023 新卒採用 ソフトウェア,神奈川県 横浜市 日ノ出町駅 徒歩4分,月給21万円～23万円,7日前,リクナビ2023
株式会社しいの食品,社内システムエンジニア,神奈川県 小田原市 螢田駅 車5分,"月給20万9,000円～27万円",15日前,株式会社しいの食品
株式会社エイト,第二新卒OK 開発エンジニア リモート勤務OK／大手企業との取引実績多数,神奈川県,年収300万円～400万円,18日前,リクルートエージェント
株式会社ラグザイア,プログラマー／システムエンジニア,神奈川県,年収276万円～,公開していません,TalentHub
株式会社ソラボ,ソフトウェア設計・開発,神奈川県,月給22万円～30万円,12時間前,べティ
株式会社コロワイド,メニュー制作,神奈川県 横浜市 馬車道駅 徒歩3分,年収330万円～400万円,5日前,CREATIVE JOB
サイバーステップ株式会社,2023 新卒採用 ゲームソフト,神奈川県,"月給17万4,900円～25万円",7日前,リクナビ2023
株式会社野村総合研究所,ソフトウェア・アーキテクト,神奈川県,"年収600万円～1,800万円",25日前,Spring転職エージェント
株式会社かるてぽすと,逗子／Webディレクター 医療科学分野支えるクリエイティブエージェンシー,神奈川県 逗子市,年収300万円～450万円,9時間前,リクルートエージェント
株式会社ディー･エヌ･エー,VoicePococha Flutterエンジニア,神奈川県 横浜市 関内駅 徒歩2分,"月給29万4,167円～125万円",1時間前,CREATIVE JOB
株式会社ユートピア,未経験・第二新卒大歓迎 やりたいことが見つかるITエンジニア,神奈川県 横浜市,月給20万円～50万円,18日前,リクナビNEXT
ティアンドエス株式会社,SE職／土日祝休み／残業月5～20時間程度,神奈川県 横浜市,月給24万円～50万円,公開していません,doda
デジタルアソシエーション株式会社,ITエンジニア,神奈川県,月給25万円～,1日前,U29JOB
ソフィア総合研究所株式会社,開発エンジニア,神奈川県 横浜市 新横浜駅 徒歩2分,年収400万円～800万円,8日前,U29JOB
株式会社エム・ディー・シー,自社内開発エンジニア／育成枠採用／0からスタートもOK,神奈川県 川崎市 川崎駅 徒歩5分,月給20万円～22万円,27日前,doda
株式会社メイテックキャスト,設計／電気・電子・機械／建築・土木・不動産関連,神奈川県 横浜市 みなとみらい駅 徒歩5分,"時給2,400円～",7日前,はたらこねっと
フロンティアリンク株式会社,サービス管理責任者／就労移行支援サービス／年間休日120日以上,神奈川県 横浜市 関内駅 徒歩3分,年収300万円～420万円,公開していません,doda
株式会社サイエンティフィックつくば,コールセンターエンジニア,神奈川県,年収400万円～550万円,7日前,paiza転職
株式会社セルインタラクティブ,UI／UXデザイナー,神奈川県 横浜市 横浜駅 徒歩5分,年収400万円～,1日前,Green
株式会社バードネットワークス,ネットワーク／ITエンジニア 月4万円社宅 年休125日,神奈川県 横浜市 横浜駅 徒歩5分,"月給21万5,000円～35万円",20日前,リクナビNEXT
JECインターナショナル株式会社,システムエンジニア,神奈川県 大和市 高座渋谷駅 徒歩7分,月給20万円～40万円,11日前,JECインターナショナル株式会社
株式会社NIS,第2新卒歓迎 PG・サーバエンジニア／業務系アプリ設計・開発,神奈川県,月給20万円～,11日前,リクナビNEXT
ローム株式会社,アプリケーションエンジニア,神奈川県 横浜市 新横浜駅,年収500万円～800万円,公開していません,doda
株式会社Polaris plus,自社開発の声をデザインするVOCプラットフォームのフロントエンドエンジニア募集,神奈川県 鎌倉市 鎌倉駅,月給～80万円,2日前,modis
ローグテクノロジーズ株式会社,PG,神奈川県 横浜市,年収450万円～800万円,12日前,type
株式会社堺情報技術社,ソフトウェア設計・開発,神奈川県,"月給26万7,000円～46万7,000円",12時間前,べティ
株式会社フェリックス,SE 開発エンジニア,神奈川県 横浜市 西区,月給25万円～55万円,公開していません,株式会社フェリックス
株式会社インフォプラックス,6～7割リモート ITエンジニア／SE・PG 年休126日,神奈川県 横浜市 中区,"月給20万4,000円～45万円",5日前,リクナビNEXT
リンク情報システム株式会社,人物重視／未経験者歓迎／エンジニアとして成⾧できる／残業15時間程／35年以上赤字なしの優良企業,神奈川県,年収350万円～400万円,公開していません,Spring転職エージェント
株式会社リバークレイン,2023年新卒採用,神奈川県 横浜市 青葉区,月給21万円,公開していません,JOBIKE
株式会社ストリートベンチャー,セキュリティエンジニア,神奈川県 横浜市 桜木町駅 徒歩5分                                                                                                                                                                その他 (19),月給40万円～50万円,公開していません,WorkGate
株式会社カヤック,ちいき資本主義事業部 フロントエンドエンジニア,神奈川県 鎌倉市 鎌倉駅 徒歩1分,公開していません,3時間前,CREATIVE JOB
キヤノンビズアテンダ株式会社,サポートエンジニア・在宅ワーク中心,神奈川県 横浜市 横浜駅 徒歩11分,"時給2,600円～3,000円",6日前,イーキャリア
トライシステム株式会社,2023 新卒採用 情報処理,神奈川県,"月給19万1,000円～21万1,000円",公開していません,リクナビ2023
パーソルエクセルHRパートナーズ株式会社テクニカ...,SE・プログラマー,神奈川県 横浜市 新横浜駅 徒歩2分,"時給2,500円",26日前,かんたん応募
TIS千代田システムズ株式会社,システムエンジニア,神奈川県 横浜市 神奈川区,公開していません,公開していません,type 転職エージェント
株式会社isub,エンジニア 残業月平均10h／フルリモートOK／有給即日付与／年休126日／上流工程にも携われる,神奈川県 川崎市 溝の口駅 徒歩4分,年収350万円～,19日前,エン転職
パーソルAVCテクノロジー株式会社,検証プロジェクトリーダー,神奈川県,"年収600万円～1,000万円",公開していません,Spring転職エージェント
株式会社エフ・グッド,エンジニアとしての市場価値をワンアップ!新事業所設立メンバー,神奈川県 横浜市 みなとみらい駅,年収278万円,公開していません,Office Lady
ウィズリンク株式会社,SE,神奈川県 横浜市 港北区,年収250万円～550万円,公開していません,キャリコネ転職
株式会社ソリューションジャパン,2022 新卒採用 ソフトウェア,神奈川県,月給22万円,公開していません,リクナビ2022
ソニーデジタルネットワークアプリケーションズ株式...,クラウドサービス開発エンジニア,神奈川県,年収650万円～850万円,公開していません,paiza転職
株式会社エイチシーエル・ジャパン／HCL JAP...,バイリンガルエンジニアを複数名採用中! ご経験を活かし長期的にご活躍頂けます,神奈川県,年収450万円～850万円,12日前,Daijob.com
ゼロフォー株式会社,Webアプリケーション新規開発に関わるエンジニア,神奈川県 厚木市 本厚木駅 徒歩2分,年収400万円～650万円,公開していません,doda
株式会社グローバル・システム・クリエイト,2023 新卒採用 情報処理,神奈川県,"月給22万6,000円～24万円",公開していません,リクナビ2023
セレンディップ・テクノロジーズ株式会社,あなたがなりたい エンジニア 像はなんですか,神奈川県,"月給23万2,000円～50万円",14日前,マイナビ転職
株式会社アイ・エス・ビー,IoT組込み開発エンジニア,神奈川県 横浜市 港北区,年収400万円～,公開していません,paiza転職
北都システム株式会社,WEB系・アプリ等のシステムエンジニア ～完全週休二日制／年間休日120日以上～,神奈川県 横浜市 新横浜駅,年収360万円～700万円,28日前,doda
APクラスタ株式会社,完全在宅可／WEB・オープン系中心／お疲れのシステムエンジニア向け,神奈川県 川崎市,年収450万円～600万円,12日前,APクラスタ株式会社
オンサイト株式会社,テクニカルディレクター,神奈川県 藤沢市,年収400万円～800万円,1日前,doda
株式会社リレクチャー,湘南で働くITエンジニア／平均通勤時間30分／在宅勤務もOK,神奈川県 藤沢市 辻堂駅 徒歩1分,月給20万円～,1時間前,doda
株式会社カールビット,Web開発／フロント系システムエンジニア、プログラマ,神奈川県,年収350万円～700万円,10時間前,Green
株式会社イーツー・インフォ,リードエンジニア,神奈川県 横浜市 高島町駅,年収450万円～800万円,10時間前,Green
株式会社WealSoft,サーバサイドエンジニア,神奈川県 横浜市 西区,年収400万円～650万円,公開していません,paiza転職
株式会社メイテックキャスト東京営業所,洋上風力に関するプロジェクトエンジニア,神奈川県 横浜市 みなとみらい駅 徒歩2分,"時給2,200円",2日前,エン派遣
